ChainId,TargetId,TargetId
900100001,101000100101,101000200101
900100002,101000100102,101000200102
900100003,101000100103,101000200103
900100004,101000100104,101000200104
900100005,101000100105,101000200105
900100006,101000100106,101000200106
900200001,101000100201,101000200201
900200002,101000100202,101000200202
900200003,101000100203,101000200203
900200004,101000100204,101000200204
900200005,101000100205,101000200205
900200006,101000100206,101000200206
900300001,101000100301,101000200301
900300002,101000100302,101000200302
900300003,101000100303,101000200303
900300004,101000100304,101000200304
900300005,101000100305,101000200305
900300006,101000100306,101000200306
900400001,101000100401,101000200401
900400002,101000100402,101000200402
900400003,101000100403,101000200403
900400004,101000100404,101000200404
900400005,101000100405,101000200405
900400006,101000100406,101000200406
